player,team,position,age,games,minutes,goals,pens_made,assists,xg,npxg,progressive_carries,progressive_passes,goals_per90,assists_per90,goals_assists_per90,xg_per90,npxg_per90,pens_att,assists,progressive_passes,progressive_carries,progressive_passes_received
Aaron Cresswell,West Ham,"DF,FW",33,11,436,0,0,0,0.0,0.0,4,26,0.00,0.00,0.00,0.00,0.00,0,0,26,4,6
Aaron Hickey,Brentford,DF,21,9,713,0,0,0,0.2,0.2,9,21,0.00,0.00,0.00,0.03,0.03,0,0,21,9,13
Aaron Ramsdale,Arsenal,GK,25,6,540,0,0,0,0.0,0.0,0,2,0.00,0.00,0.00,0.00,0.00,0,0,2,0,0
Aaron Ramsey,Burnley,"MF,FW",20,14,527,0,0,0,0.3,0.3,8,8,0.00,0.00,0.00,0.06,0.06,0,0,8,8,17
Aaron Wan-Bissaka,Manchester Utd,DF,25,22,"1,780",0,0,2,0.1,0.1,30,77,0.00,0.10,0.10,0.01,0.01,0,2,77,30,54
Abdoulaye Doucouré,Everton,"FW,MF",30,32,"2,629",7,0,1,8.8,8.8,55,97,0.24,0.03,0.27,0.30,0.30,0,1,97,55,140
Adam Lallana,Brighton,"MF,FW",35,25,850,0,0,1,0.8,0.8,9,39,0.00,0.11,0.11,0.09,0.09,0,1,39,9,55
Adam Smith,Bournemouth,DF,32,28,"2,150",0,0,2,0.1,0.1,24,89,0.00,0.08,0.08,0.00,0.00,0,2,89,24,28
Adam Webster,Brighton,DF,28,15,"1,144",0,0,0,0.4,0.4,16,80,0.00,0.00,0.00,0.03,0.03,0,0,80,16,2
Adam Wharton,Crystal Palace,MF,19,16,"1,297",0,0,3,0.3,0.3,14,79,0.00,0.21,0.21,0.02,0.02,0,3,79,14,10
Adama Traoré,Fulham,"FW,MF",27,17,377,2,0,3,1.5,1.5,29,16,0.48,0.72,1.19,0.36,0.36,0,3,16,29,48
Albert Sambi Lokonga,Luton Town,MF,23,17,"1,303",1,0,3,0.6,0.6,29,72,0.07,0.21,0.28,0.04,0.04,0,3,72,29,13
Alejandro Garnacho,Manchester Utd,FW,19,36,"2,565",7,0,4,8.4,8.3,178,62,0.25,0.14,0.39,0.29,0.29,0,4,62,178,281
Alex Iwobi,Everton,MF,27,2,140,0,0,0,0.3,0.3,6,4,0.00,0.00,0.00,0.21,0.21,0,0,4,6,8
Alex Iwobi,Fulham,"FW,MF",27,30,"2,192",5,0,2,5.3,5.3,109,147,0.21,0.08,0.29,0.22,0.22,0,2,147,109,175
Alex Scott,Bournemouth,MF,19,23,"1,014",1,0,1,0.7,0.7,24,50,0.09,0.09,0.18,0.06,0.06,0,1,50,24,35
Alexander Isak,Newcastle Utd,FW,23,30,"2,255",21,5,2,20.3,15.6,68,71,0.84,0.08,0.92,0.81,0.62,6,2,71,68,129
Alexis Mac Allister,Liverpool,MF,24,33,"2,599",5,1,5,3.7,2.9,44,209,0.17,0.17,0.35,0.13,0.10,1,5,209,44,48
Alfie Doughty,Luton Town,DF,23,37,"2,925",2,0,8,1.3,1.3,94,106,0.06,0.25,0.31,0.04,0.04,0,8,106,94,164
Alfie Gilchrist,Chelsea,DF,19,11,207,1,0,0,0.3,0.3,1,7,0.43,0.00,0.43,0.14,0.14,0,0,7,1,4
Alisson,Liverpool,GK,30,28,"2,520",0,0,0,0.0,0.0,0,5,0.00,0.00,0.00,0.00,0.00,0,0,5,0,0
Alphonse Areola,West Ham,GK,30,31,"2,699",0,0,0,0.0,0.0,0,1,0.00,0.00,0.00,0.00,0.00,0,0,1,0,0
Amad Diallo,Manchester Utd,"FW,MF",21,9,390,1,0,1,0.5,0.5,11,10,0.23,0.23,0.46,0.12,0.12,0,1,10,11,31
Amadou Onana,Everton,MF,21,30,"2,091",2,0,0,2.0,2.0,21,107,0.09,0.00,0.09,0.09,0.09,0,0,107,21,39
Amari'i Bell,Luton Town,DF,29,21,"1,720",0,0,0,0.3,0.3,32,76,0.00,0.00,0.00,0.01,0.01,0,0,76,32,10
Ameen Al-Dakhil,Burnley,DF,21,13,"1,056",1,0,0,1.3,1.3,7,35,0.09,0.00,0.09,0.11,0.11,0,0,35,7,9
Anass Zaroury,Burnley,"FW,MF",22,6,152,0,0,0,0.2,0.2,2,2,0.00,0.00,0.00,0.10,0.10,0,0,2,2,12
Andre Brooks,Sheffield Utd,"MF,DF",19,20,938,0,0,0,0.4,0.4,12,18,0.00,0.00,0.00,0.04,0.04,0,0,18,12,22
Andreas Pereira,Fulham,MF,27,37,"2,613",3,0,7,4.6,4.6,56,138,0.10,0.24,0.34,0.16,0.16,0,7,138,56,125
Andrew Omobamidele,Nott'ham Forest,DF,21,11,783,0,0,0,0.1,0.1,1,8,0.00,0.00,0.00,0.02,0.02,0,0,8,1,0
Andrew Robertson,Liverpool,DF,29,23,"1,693",3,0,2,1.9,1.9,63,140,0.16,0.11,0.27,0.10,0.10,0,2,140,63,130
Andros Townsend,Luton Town,"MF,FW",32,27,"1,210",1,0,3,1.2,1.2,47,35,0.07,0.22,0.30,0.09,0.09,0,3,35,47,71
André Gomes,Everton,"MF,FW",30,12,508,1,0,0,0.3,0.3,8,36,0.18,0.00,0.18,0.05,0.05,0,0,36,8,29
André Onana,Manchester Utd,GK,27,38,"3,420",0,0,0,0.0,0.0,1,5,0.00,0.00,0.00,0.00,0.00,0,0,5,1,0
Anel Ahmedhodžić,Sheffield Utd,DF,24,31,"2,649",2,0,0,3.1,3.1,15,43,0.07,0.00,0.07,0.11,0.11,0,0,43,15,21
Angelo Ogbonna,West Ham,DF,35,11,635,0,0,0,0.0,0.0,2,4,0.00,0.00,0.00,0.01,0.01,0,0,4,2,0
Anis Ben Slimane,Sheffield Utd,MF,22,15,419,0,0,0,0.8,0.8,3,12,0.00,0.00,0.00,0.17,0.17,0,0,12,3,21
Ansu Fati,Brighton,"MF,FW",20,19,521,2,0,0,3.4,3.4,16,28,0.35,0.00,0.35,0.59,0.59,0,0,28,16,50
Anthony Elanga,Nott'ham Forest,"FW,MF",21,36,"2,433",5,0,9,6.6,6.6,98,49,0.18,0.33,0.52,0.24,0.24,0,9,49,98,196
Anthony Gordon,Newcastle Utd,FW,22,35,"2,890",11,1,10,10.2,9.4,138,101,0.34,0.31,0.65,0.32,0.29,1,10,101,138,232
Anthony Martial,Manchester Utd,FW,27,13,448,1,0,0,1.2,1.2,6,12,0.20,0.00,0.20,0.25,0.25,0,0,12,6,36
Antoine Semenyo,Bournemouth,FW,23,33,"2,105",8,0,2,4.6,4.6,89,64,0.34,0.09,0.43,0.20,0.20,0,2,64,89,188
Antonee Robinson,Fulham,DF,25,37,"3,265",0,0,6,0.7,0.7,99,129,0.00,0.17,0.17,0.02,0.02,0,6,129,99,194
Antony,Manchester Utd,FW,23,29,"1,324",1,0,1,3.4,3.4,53,64,0.07,0.07,0.14,0.23,0.23,0,1,64,53,149
Arijanet Muric,Burnley,GK,24,10,900,0,0,0,0.0,0.0,0,1,0.00,0.00,0.00,0.00,0.00,0,0,1,0,0
Armando Broja,Chelsea,FW,21,13,454,1,0,0,2.4,2.4,11,6,0.20,0.00,0.20,0.47,0.47,0,0,6,11,37
Arnaut Danjuma,Everton,"MF,FW",26,14,595,1,0,0,2.6,2.6,24,9,0.15,0.00,0.15,0.40,0.40,0,0,9,24,44
Ashley Young,Everton,"DF,MF",38,31,"2,280",0,0,0,0.6,0.6,40,82,0.00,0.00,0.00,0.02,0.02,0,0,82,40,61
Auston Trusty,Sheffield Utd,DF,24,32,"2,572",0,0,0,0.4,0.4,10,40,0.00,0.00,0.00,0.01,0.01,0,0,40,10,15
Axel Disasi,Chelsea,DF,25,31,"2,579",2,0,0,2.4,2.4,30,112,0.07,0.00,0.07,0.08,0.08,0,0,112,30,21
Bart Verbruggen,Brighton,GK,20,21,"1,890",0,0,0,0.0,0.0,0,3,0.00,0.00,0.00,0.00,0.00,0,0,3,0,0
Ben Brereton,Sheffield Utd,"FW,MF",24,14,"1,105",6,1,1,6.1,5.3,23,37,0.49,0.08,0.57,0.49,0.43,1,1,37,23,78
Ben Chilwell,Chelsea,DF,26,13,756,0,0,1,1.2,1.2,22,25,0.00,0.12,0.12,0.14,0.14,0,1,25,22,59
Ben Davies,Tottenham,DF,30,17,"1,090",1,0,0,2.3,2.3,13,71,0.08,0.00,0.08,0.19,0.19,0,0,71,13,20
Ben Godfrey,Everton,DF,25,15,"1,120",0,0,0,1.7,1.7,11,43,0.00,0.00,0.00,0.14,0.14,0,0,43,11,26
Ben Johnson,West Ham,"DF,FW",23,14,544,0,0,0,0.2,0.2,17,22,0.00,0.00,0.00,0.03,0.03,0,0,22,17,33
Ben Mee,Brentford,DF,33,16,"1,272",2,0,0,1.5,1.5,11,49,0.14,0.00,0.14,0.10,0.10,0,0,49,11,9
Ben Osborn,Sheffield Utd,"DF,MF",28,24,"1,367",0,0,2,0.2,0.2,16,55,0.00,0.13,0.13,0.01,0.01,0,2,55,16,44
Ben White,Arsenal,DF,25,37,"2,988",4,0,4,1.2,1.2,44,192,0.12,0.12,0.24,0.03,0.03,0,4,192,44,162
Benoît Badiashile,Chelsea,DF,22,18,"1,338",0,0,1,0.3,0.3,3,46,0.00,0.07,0.07,0.02,0.02,0,1,46,3,3
Benson Manuel,Burnley,"MF,FW",26,8,116,0,0,0,0.1,0.1,5,2,0.00,0.00,0.00,0.05,0.05,0,0,2,5,14
Bernardo Silva,Manchester City,"MF,FW",28,33,"2,578",6,0,9,3.7,3.7,140,177,0.21,0.31,0.52,0.13,0.13,0,9,177,140,260
Bernd Leno,Fulham,GK,31,38,"3,420",0,0,0,0.0,0.0,0,0,0.00,0.00,0.00,0.00,0.00,0,0,0,0,0
Beto,Everton,FW,25,30,951,3,0,0,6.8,6.0,14,14,0.28,0.00,0.28,0.64,0.57,1,0,14,14,58
Billy Gilmour,Brighton,MF,22,30,"2,120",0,0,1,1.0,1.0,39,193,0.00,0.04,0.04,0.04,0.04,0,1,193,39,33
Bobby Reid,Fulham,FW,30,33,"1,423",6,0,2,4.6,4.6,35,47,0.38,0.13,0.51,0.28,0.28,0,2,47,35,95
Boubacar Kamara,Aston Villa,MF,23,20,"1,652",0,0,1,0.1,0.1,19,83,0.00,0.05,0.05,0.01,0.01,0,1,83,19,10
Boubacar Traoré,Wolves,MF,21,24,819,0,0,0,0.3,0.3,9,29,0.00,0.00,0.00,0.03,0.03,0,0,29,9,15
Brennan Johnson,Tottenham,FW,22,32,"2,085",5,0,10,10.3,10.3,97,72,0.22,0.43,0.65,0.44,0.44,0,10,72,97,293
Brennan Johnson,Nott'ham Forest,"FW,MF",22,3,237,0,0,0,0.3,0.3,8,1,0.00,0.00,0.00,0.12,0.12,0,0,1,8,14
Bruno Fernandes,Manchester Utd,"MF,FW",28,35,"3,118",10,4,8,10.0,6.1,86,297,0.29,0.23,0.52,0.29,0.18,5,8,297,86,182
Bruno Guimarães,Newcastle Utd,MF,25,37,"3,263",7,0,8,4.8,4.8,65,283,0.19,0.22,0.41,0.13,0.13,0,8,283,65,73
Bryan Gil,Tottenham,"FW,MF",22,11,209,0,0,0,0.8,0.8,11,16,0.00,0.00,0.00,0.32,0.32,0,0,16,11,49
Bryan Mbeumo,Brentford,FW,23,25,"1,960",9,3,6,9.8,7.4,74,88,0.41,0.28,0.69,0.45,0.34,3,6,88,74,195
Bukayo Saka,Arsenal,FW,21,35,"2,919",16,6,9,15.5,10.8,155,126,0.49,0.28,0.77,0.48,0.33,6,9,126,155,508
Bénie Traoré,Sheffield Utd,"FW,MF",20,8,387,0,0,0,0.3,0.3,7,9,0.00,0.00,0.00,0.06,0.06,0,0,9,7,14
Callum Hudson-Odoi,Nott'ham Forest,"FW,MF",22,29,"1,854",8,0,1,2.7,2.7,111,58,0.39,0.05,0.44,0.13,0.13,0,1,58,111,171
Callum Wilson,Newcastle Utd,FW,31,20,991,9,2,1,8.8,7.2,11,9,0.82,0.09,0.91,0.80,0.65,2,1,9,11,77
Calum Chambers,Aston Villa,"MF,DF",28,5,152,0,0,1,0.0,0.0,0,5,0.00,0.59,0.59,0.00,0.00,0,1,5,0,1
Calvin Bassey,Fulham,DF,23,29,"2,303",1,0,0,0.3,0.3,15,62,0.04,0.00,0.04,0.01,0.01,0,0,62,15,4
Cameron Archer,Sheffield Utd,"FW,MF",22,29,"1,832",4,0,1,5.5,5.5,33,15,0.20,0.05,0.25,0.27,0.27,0,1,15,33,113
Caoimhín Kelleher,Liverpool,GK,24,10,900,0,0,0,0.0,0.0,0,1,0.00,0.00,0.00,0.00,0.00,0,0,1,0,0
Carlos Baleba,Brighton,MF,19,27,"1,325",0,0,0,0.8,0.8,19,50,0.00,0.00,0.00,0.06,0.06,0,0,50,19,9
Carlos Vinícius,Fulham,FW,28,13,315,2,0,0,1.6,1.6,3,3,0.57,0.00,0.57,0.46,0.46,0,0,3,3,13
Carlton Morris,Luton Town,"FW,MF",27,38,"2,862",11,5,4,11.4,7.5,37,56,0.35,0.13,0.47,0.36,0.23,5,4,56,37,120
Carney Chukwuemeka,Chelsea,"MF,FW",19,9,227,1,0,1,0.2,0.2,4,12,0.40,0.40,0.79,0.06,0.06,0,1,12,4,19
Casemiro,Manchester Utd,"MF,DF",31,25,"1,982",1,0,2,3.5,3.5,12,112,0.05,0.09,0.14,0.16,0.16,0,2,112,12,36
Cauley Woodrow,Luton Town,"FW,MF",28,24,427,1,0,1,1.4,1.4,7,6,0.21,0.21,0.42,0.30,0.30,0,1,6,7,22
Charlie Taylor,Burnley,DF,29,28,"2,331",1,0,1,0.2,0.2,36,82,0.04,0.04,0.08,0.01,0.01,0,1,82,36,81
Cheick Doucouré,Crystal Palace,MF,23,11,919,0,0,0,0.3,0.3,9,49,0.00,0.00,0.00,0.03,0.03,0,0,49,9,5
Cheikhou Kouyaté,Nott'ham Forest,MF,33,12,212,0,0,0,0.3,0.3,0,5,0.00,0.00,0.00,0.12,0.12,0,0,5,0,5
Chiedozie Ogbene,Luton Town,"MF,DF",26,30,"1,995",4,0,1,4.2,4.2,127,53,0.18,0.05,0.23,0.19,0.19,0,1,53,127,150
Chris Basham,Sheffield Utd,"DF,MF",35,8,321,0,0,0,0.1,0.1,1,7,0.00,0.00,0.00,0.04,0.04,0,0,7,1,6
Chris Mepham,Bournemouth,DF,25,10,617,0,0,1,0.1,0.1,4,25,0.00,0.15,0.15,0.01,0.01,0,1,25,4,1
Chris Richards,Crystal Palace,"DF,MF",23,26,"2,094",1,0,1,0.6,0.6,1,43,0.04,0.04,0.09,0.03,0.03,0,1,43,1,1
Chris Wood,Nott'ham Forest,FW,31,31,"1,812",14,0,1,11.9,11.9,16,30,0.70,0.05,0.75,0.59,0.59,0,1,30,16,76
Christian Eriksen,Manchester Utd,MF,31,22,"1,141",1,0,2,1.0,1.0,20,68,0.08,0.16,0.24,0.08,0.08,0,2,68,20,23
Christian Nørgaard,Brentford,MF,29,31,"2,505",2,0,1,3.5,3.5,15,161,0.07,0.04,0.11,0.12,0.12,0,1,161,15,42
Christopher Nkunku,Chelsea,"FW,MF",25,11,443,3,0,0,2.3,2.3,10,19,0.61,0.00,0.61,0.47,0.47,0,0,19,10,35
Clément Lenglet,Aston Villa,DF,28,14,"1,153",0,0,1,0.9,0.9,26,51,0.00,0.08,0.08,0.07,0.07,0,1,51,26,1
Cody Gakpo,Liverpool,"FW,MF",24,35,"1,649",8,0,5,9.0,9.0,43,83,0.44,0.27,0.71,0.49,0.49,0,5,83,43,130
Cole Palmer,Chelsea,"FW,MF",21,33,"2,607",22,9,11,18.2,11.1,117,197,0.76,0.38,1.14,0.63,0.38,9,11,197,117,195
Connor Roberts,Burnley,DF,27,14,823,0,0,1,0.0,0.0,6,38,0.00,0.11,0.11,0.00,0.00,0,1,38,6,13
Conor Bradley,Liverpool,DF,20,11,753,1,0,3,0.9,0.9,35,29,0.12,0.36,0.48,0.10,0.10,0,3,29,35,64
Conor Gallagher,Chelsea,MF,23,37,"3,128",5,0,7,4.2,4.2,62,172,0.14,0.20,0.35,0.12,0.12,0,7,172,62,122
Craig Dawson,Wolves,DF,33,25,"2,209",1,0,1,1.5,1.5,1,49,0.04,0.04,0.08,0.06,0.06,0,1,49,1,4
Cristian Romero,Tottenham,DF,25,33,"2,790",5,0,0,3.5,3.5,32,179,0.16,0.00,0.16,0.11,0.11,0,0,179,32,8
Curtis Jones,Liverpool,MF,22,23,"1,167",1,0,1,2.6,2.6,31,74,0.08,0.08,0.15,0.20,0.20,0,1,74,31,88
Daiki Hashioka,Luton Town,DF,24,10,595,0,0,0,0.1,0.1,3,21,0.00,0.00,0.00,0.02,0.02,0,0,21,3,16
Dan Burn,Newcastle Utd,DF,31,33,"2,726",2,0,2,3.1,3.1,14,75,0.07,0.07,0.13,0.10,0.10,0,2,75,14,25
Dango Ouattara,Bournemouth,"FW,DF",21,30,"1,229",1,0,2,2.6,2.6,47,35,0.07,0.15,0.22,0.19,0.19,0,2,35,47,90
Daniel Bentley,Wolves,GK,30,5,383,0,0,0,0.0,0.0,0,0,0.00,0.00,0.00,0.00,0.00,0,0,0,0,0
Daniel Muñoz,Crystal Palace,"DF,MF",27,16,"1,439",0,0,4,1.2,1.2,25,38,0.00,0.25,0.25,0.08,0.08,0,4,38,25,80
Danilo,Nott'ham Forest,MF,22,29,"1,792",2,0,2,1.8,1.8,22,83,0.10,0.10,0.20,0.09,0.09,0,2,83,22,28
Danny Ings,West Ham,FW,31,20,404,1,0,0,1.3,1.3,7,8,0.22,0.00,0.22,0.28,0.28,0,0,8,7,29
Danny Welbeck,Brighton,"FW,MF",32,29,"1,693",5,0,1,5.3,5.3,32,44,0.27,0.05,0.32,0.28,0.28,0,1,44,32,100
Dara O'Shea,Burnley,DF,24,33,"2,892",3,0,4,0.7,0.7,32,122,0.09,0.12,0.22,0.02,0.02,0,4,122,32,10
Darwin Núñez,Liverpool,FW,24,36,"2,047",11,0,8,16.3,15.5,58,54,0.48,0.35,0.84,0.72,0.68,1,8,54,58,206
David Brooks,Bournemouth,"FW,MF",26,13,282,1,0,1,2.2,2.2,8,21,0.32,0.32,0.64,0.70,0.70,0,1,21,8,27
David Datro Fofana,Burnley,FW,20,15,879,4,0,1,4.5,4.5,21,15,0.41,0.10,0.51,0.46,0.46,0,1,15,21,39
David Ozoh,Crystal Palace,"MF,DF",18,9,156,0,0,0,0.0,0.0,2,4,0.00,0.00,0.00,0.00,0.00,0,0,4,2,3
David Raya,Arsenal,GK,27,32,"2,880",0,0,0,0.0,0.0,0,2,0.00,0.00,0.00,0.00,0.00,0,0,2,0,0
Dean Henderson,Crystal Palace,GK,26,18,"1,620",0,0,0,0.0,0.0,0,0,0.00,0.00,0.00,0.00,0.00,0,0,0,0,0
Declan Rice,Arsenal,MF,24,38,"3,225",7,0,8,3.3,3.3,75,278,0.20,0.22,0.42,0.09,0.09,0,8,278,75,64
Dejan Kulusevski,Tottenham,"FW,MF",23,36,"2,762",8,0,3,4.7,4.7,151,144,0.26,0.10,0.36,0.15,0.15,0,3,144,151,388
Destiny Udogie,Tottenham,DF,20,28,"2,391",2,0,3,2.4,2.4,83,155,0.08,0.11,0.19,0.09,0.09,0,3,155,83,138
Diego Carlos,Aston Villa,DF,30,27,"1,816",0,0,0,1.9,1.9,4,59,0.00,0.00,0.00,0.10,0.10,0,0,59,4,1
Diogo Dalot,Manchester Utd,DF,24,36,"3,174",2,0,3,1.7,1.7,52,124,0.06,0.09,0.14,0.05,0.05,0,3,124,52,111
Diogo Jota,Liverpool,FW,26,21,"1,145",10,0,3,5.3,5.3,54,34,0.79,0.24,1.02,0.42,0.42,0,3,34,54,111
Divock Origi,Nott'ham Forest,FW,28,20,606,0,0,1,1.4,1.4,19,14,0.00,0.15,0.15,0.21,0.21,0,1,14,19,41
Dominic Calvert-Lewin,Everton,FW,26,32,"2,171",7,2,2,12.9,11.4,36,31,0.29,0.08,0.37,0.54,0.47,2,2,31,36,122
Dominic Solanke,Bournemouth,FW,25,38,"3,325",19,2,3,19.6,17.2,52,60,0.51,0.08,0.60,0.53,0.47,3,3,60,52,184
Dominik Szoboszlai,Liverpool,MF,22,33,"2,104",3,0,2,3.7,3.7,75,152,0.13,0.09,0.21,0.16,0.16,0,2,152,75,160
Douglas Luiz,Aston Villa,MF,25,35,"2,993",9,4,5,6.9,3.8,60,168,0.27,0.15,0.42,0.21,0.11,4,5,168,60,50
Dwight McNeil,Everton,"MF,FW",23,35,"2,892",3,0,6,3.4,3.4,80,114,0.09,0.19,0.28,0.11,0.11,0,6,114,80,147
Eberechi Eze,Crystal Palace,"MF,FW",25,27,"2,055",11,1,4,9.1,8.3,68,93,0.48,0.18,0.66,0.40,0.36,1,4,93,68,139
Eddie Nketiah,Arsenal,FW,24,27,"1,082",5,0,2,4.5,4.5,22,20,0.42,0.17,0.58,0.38,0.38,0,2,20,22,77
Ederson,Manchester City,GK,29,33,"2,785",0,0,0,0.0,0.0,0,4,0.00,0.00,0.00,0.00,0.00,0,0,4,0,0
Edson Álvarez,West Ham,MF,25,31,"2,377",1,0,1,1.3,1.3,20,91,0.04,0.04,0.08,0.05,0.05,0,1,91,20,26
Elijah Adebayo,Luton Town,FW,25,27,"1,419",10,0,0,5.9,5.9,16,23,0.63,0.00,0.63,0.37,0.37,0,0,23,16,110
Elliot Anderson,Newcastle Utd,"MF,FW",20,21,"1,027",0,0,2,1.5,1.5,37,57,0.00,0.18,0.18,0.13,0.13,0,2,57,37,70
Emerson,Tottenham,DF,24,22,"1,161",1,0,0,0.2,0.2,21,57,0.08,0.00,0.08,0.02,0.02,0,0,57,21,35
Emerson Palmieri,West Ham,DF,28,36,"3,137",1,0,2,1.5,1.5,59,125,0.03,0.06,0.09,0.04,0.04,0,2,125,59,124
Emil Krafth,Newcastle Utd,DF,28,17,913,0,0,0,0.2,0.2,12,29,0.00,0.00,0.00,0.02,0.02,0,0,29,12,33
Emile Smith Rowe,Arsenal,MF,23,13,353,0,0,1,2.0,2.0,11,23,0.00,0.25,0.25,0.50,0.50,0,1,23,11,18
Emiliano Martínez,Aston Villa,GK,30,34,"3,015",0,0,0,0.0,0.0,0,2,0.00,0.00,0.00,0.00,0.00,0,0,2,0,0
Enes Ünal,Bournemouth,"FW,MF",26,16,328,2,0,2,2.9,2.9,4,7,0.55,0.55,1.10,0.80,0.80,0,2,7,4,28
Enzo Fernández,Chelsea,MF,22,28,"2,209",3,1,2,6.2,4.6,52,210,0.12,0.08,0.20,0.25,0.19,2,2,210,52,54
Eric Dier,Tottenham,DF,29,4,201,0,0,0,0.0,0.0,0,3,0.00,0.00,0.00,0.00,0.00,0,0,3,0,0
Erling Haaland,Manchester City,FW,23,31,"2,552",27,7,5,29.2,22.9,35,26,0.95,0.18,1.13,1.03,0.81,8,5,26,35,126
Ethan Pinnock,Brentford,DF,30,29,"2,521",2,0,0,2.0,2.0,11,61,0.07,0.00,0.07,0.07,0.07,0,0,61,11,16
Evan Ferguson,Brighton,FW,18,27,"1,367",6,0,0,4.6,4.6,13,15,0.40,0.00,0.40,0.30,0.30,0,0,15,13,62
Ezri Konsa,Aston Villa,DF,25,35,"3,069",1,0,0,2.5,2.5,37,136,0.03,0.00,0.03,0.07,0.07,0,0,136,37,33
Fabian Schär,Newcastle Utd,DF,31,36,"3,054",4,0,1,2.5,2.5,28,133,0.12,0.03,0.15,0.07,0.07,0,1,133,28,20
Fabio Vieira,Arsenal,"MF,FW",23,11,297,1,1,2,1.3,0.5,12,15,0.30,0.61,0.91,0.38,0.14,1,2,15,12,30
Facundo Buonanotte,Brighton,"FW,MF",18,27,"1,364",3,0,1,2.4,2.4,23,42,0.20,0.07,0.26,0.16,0.16,0,1,42,23,69
Facundo Pellistri,Manchester Utd,"FW,MF",21,9,172,0,0,1,0.7,0.7,6,6,0.00,0.52,0.52,0.38,0.38,0,1,6,6,31
Felipe,Nott'ham Forest,DF,34,7,375,0,0,0,0.1,0.1,1,6,0.00,0.00,0.00,0.03,0.03,0,0,6,1,0
Frank Onyeka,Brentford,MF,25,26,"1,161",1,0,2,2.2,2.2,17,33,0.08,0.16,0.23,0.17,0.17,0,2,33,17,39
Fred Onyedinma,Luton Town,"DF,MF",26,8,407,0,0,0,0.2,0.2,9,6,0.00,0.00,0.00,0.04,0.04,0,0,6,9,21
Fábio Silva,Wolves,FW,21,8,264,0,0,0,1.0,1.0,5,10,0.00,0.00,0.00,0.35,0.35,0,0,10,5,13
Gabriel Jesus,Arsenal,FW,26,27,"1,478",4,0,5,6.3,6.3,38,42,0.24,0.30,0.55,0.39,0.39,0,5,42,38,155
Gabriel Magalhães,Arsenal,DF,25,36,"3,044",4,0,0,4.3,4.3,13,117,0.12,0.00,0.12,0.13,0.13,0,0,117,13,8
Gabriel Martinelli,Arsenal,FW,22,35,"2,019",6,0,4,6.8,6.8,127,65,0.27,0.18,0.45,0.31,0.31,0,4,65,127,345
Gabriel Osho,Luton Town,DF,24,21,"1,846",2,0,0,1.1,1.1,10,37,0.10,0.00,0.10,0.05,0.05,0,0,37,10,4
George Baldock,Sheffield Utd,DF,30,13,969,0,0,1,0.0,0.0,9,31,0.00,0.09,0.09,0.00,0.00,0,1,31,9,24
Gio Reyna,Nott'ham Forest,"FW,MF",20,9,235,0,0,1,0.3,0.3,3,12,0.00,0.38,0.38,0.11,0.11,0,1,12,3,14
Giovani Lo Celso,Tottenham,MF,27,22,506,2,0,2,0.6,0.6,25,68,0.36,0.36,0.71,0.10,0.10,0,2,68,25,29
Gonzalo Montiel,Nott'ham Forest,DF,26,14,801,0,0,2,0.1,0.1,10,28,0.00,0.22,0.22,0.01,0.01,0,2,28,10,32
Guglielmo Vicario,Tottenham,GK,26,38,"3,420",0,0,0,0.0,0.0,0,3,0.00,0.00,0.00,0.00,0.00,0,0,3,0,0
Gustavo Hamer,Sheffield Utd,MF,26,36,"2,910",4,0,6,3.0,3.0,36,135,0.12,0.19,0.31,0.09,0.09,0,6,135,36,86
Hannes Delcroix,Burnley,DF,24,12,589,0,0,0,0.4,0.4,2,18,0.00,0.00,0.00,0.05,0.05,0,0,18,2,6
Hannibal Mejbri,Manchester Utd,"MF,FW",20,5,133,1,0,0,0.0,0.0,2,6,0.68,0.00,0.68,0.02,0.02,0,0,6,2,10
Harrison Reed,Fulham,MF,28,27,"1,325",0,0,2,0.3,0.3,10,56,0.00,0.14,0.14,0.02,0.02,0,2,56,10,40
Harry Maguire,Manchester Utd,DF,30,22,"1,653",2,0,2,2.0,2.0,20,73,0.11,0.11,0.22,0.11,0.11,0,2,73,20,2
Harry Toffolo,Nott'ham Forest,DF,27,23,"1,459",1,0,3,1.6,1.6,10,42,0.06,0.19,0.25,0.10,0.10,0,3,42,10,34
Harry Wilson,Fulham,FW,26,35,"1,620",4,0,6,3.4,3.4,41,60,0.22,0.33,0.56,0.19,0.19,0,6,60,41,130
Harvey Barnes,Newcastle Utd,"FW,MF",25,21,802,5,0,3,3.6,3.6,45,34,0.56,0.34,0.90,0.40,0.40,0,3,34,45,79
Harvey Elliott,Liverpool,"MF,FW",20,34,"1,352",3,0,6,2.7,2.7,44,128,0.20,0.40,0.60,0.18,0.18,0,6,128,44,122
Hjalmar Ekdal,Burnley,DF,24,8,437,0,0,0,0.1,0.1,5,11,0.00,0.00,0.00,0.01,0.01,0,0,11,5,1
Hugo Bueno,Wolves,"DF,MF",20,22,741,0,0,0,0.3,0.3,22,8,0.00,0.00,0.00,0.03,0.03,0,0,8,22,40
Hwang Hee-chan,Wolves,"FW,MF",27,29,"2,119",12,1,3,7.7,6.9,37,37,0.51,0.13,0.64,0.33,0.29,1,3,37,37,120
Ian Maatsen,Chelsea,"FW,MF",21,12,209,0,0,0,0.8,0.8,9,8,0.00,0.00,0.00,0.35,0.35,0,0,8,9,15
Ibrahim Sangaré,Nott'ham Forest,MF,25,17,"1,035",0,0,0,0.6,0.6,5,44,0.00,0.00,0.00,0.06,0.06,0,0,44,5,7
Ibrahima Konaté,Liverpool,DF,24,22,"1,574",0,0,0,0.7,0.7,24,118,0.00,0.00,0.00,0.04,0.04,0,0,118,24,3
Idrissa Gana Gueye,Everton,MF,33,25,"1,884",4,0,0,1.3,1.3,29,83,0.19,0.00,0.19,0.06,0.06,0,0,83,29,41
Igor,Brighton,DF,25,24,"1,637",0,0,0,0.3,0.3,30,107,0.00,0.00,0.00,0.02,0.02,0,0,107,30,12
Illia Zabarnyi,Bournemouth,DF,20,37,"3,330",1,0,0,1.1,1.1,24,109,0.03,0.00,0.03,0.03,0.03,0,0,109,24,1
Ionuț Radu,Bournemouth,GK,26,2,180,0,0,0,0.0,0.0,0,0,0.00,0.00,0.00,0.00,0.00,0,0,0,0,0
Issa Diop,Fulham,DF,26,18,"1,424",0,0,0,0.3,0.3,11,66,0.00,0.00,0.00,0.02,0.02,0,0,66,11,1
Issa Kaboré,Luton Town,DF,22,24,"1,729",0,0,2,0.2,0.2,60,54,0.00,0.10,0.10,0.01,0.01,0,2,54,60,85
Ivan Perišić,Tottenham,FW,34,5,103,0,0,1,0.1,0.1,15,9,0.00,0.87,0.87,0.10,0.10,0,1,9,15,17
Ivan Toney,Brentford,FW,27,17,"1,450",4,0,2,6.0,6.0,23,40,0.25,0.12,0.37,0.37,0.37,0,2,40,23,98
Ivo Grbić,Sheffield Utd,GK,27,9,771,0,0,0,0.0,0.0,0,0,0.00,0.00,0.00,0.00,0.00,0,0,0,0,0
Jack Grealish,Manchester City,"FW,MF",27,20,"1,009",3,0,1,2.1,2.1,87,50,0.27,0.09,0.36,0.19,0.19,0,1,50,87,146
Jack Harrison,Everton,"MF,FW",26,29,"2,214",3,0,3,3.6,3.6,65,62,0.12,0.12,0.24,0.14,0.14,0,3,62,65,135
Jack Hinshelwood,Brighton,DF,18,12,869,3,0,0,1.9,1.9,16,19,0.31,0.00,0.31,0.19,0.19,0,0,19,16,38
Jack Robinson,Sheffield Utd,DF,29,34,"2,885",1,0,1,1.2,1.2,8,63,0.03,0.03,0.06,0.04,0.04,0,1,63,8,14
Jacob Brown,Luton Town,"MF,FW",25,19,"1,019",2,0,0,2.8,2.8,25,19,0.18,0.00,0.18,0.25,0.25,0,0,19,25,53
Jacob Bruun Larsen,Burnley,"MF,FW",24,32,"1,249",6,1,0,5.0,4.2,61,38,0.43,0.00,0.43,0.36,0.30,1,0,38,61,146
Jacob Murphy,Newcastle Utd,"FW,DF",28,21,"1,189",3,0,7,2.1,2.1,33,52,0.23,0.53,0.76,0.16,0.16,0,7,52,33,113
Jacob Ramsey,Aston Villa,"FW,MF",22,16,853,1,0,1,2.2,2.2,33,28,0.11,0.11,0.21,0.23,0.23,0,1,28,33,69
Jaidon Anthony,Bournemouth,FW,23,3,152,0,0,0,0.1,0.1,2,8,0.00,0.00,0.00,0.04,0.04,0,0,8,2,9
Jakub Kiwior,Arsenal,DF,23,20,946,1,0,3,0.8,0.8,4,55,0.10,0.29,0.38,0.08,0.08,0,3,55,4,16
Jakub Moder,Brighton,"MF,DF",24,17,618,0,0,0,0.6,0.6,10,23,0.00,0.00,0.00,0.08,0.08,0,0,23,10,26
Jamaal Lascelles,Newcastle Utd,DF,29,16,"1,080",1,0,0,0.7,0.7,8,31,0.08,0.00,0.08,0.06,0.06,0,0,31,8,3
James Garner,Everton,MF,22,37,"3,004",1,0,2,2.7,2.7,36,100,0.03,0.06,0.09,0.08,0.08,0,2,100,36,76
James Maddison,Tottenham,MF,26,28,"2,135",4,0,9,6.4,6.4,58,224,0.17,0.38,0.55,0.27,0.27,0,9,224,58,156
James Mcatee,Sheffield Utd,"MF,FW",20,30,"1,822",3,1,3,3.1,2.3,55,51,0.15,0.15,0.30,0.15,0.11,1,3,51,55,110
James Milner,Brighton,"DF,MF",37,15,773,0,0,2,0.3,0.3,11,69,0.00,0.23,0.23,0.03,0.03,0,2,69,11,73
James Tarkowski,Everton,DF,30,38,"3,419",1,0,1,2.6,2.6,15,130,0.03,0.03,0.05,0.07,0.07,0,1,130,15,20
James Trafford,Burnley,GK,20,28,"2,520",0,0,0,0.0,0.0,0,6,0.00,0.00,0.00,0.00,0.00,0,0,6,0,0
James Ward-Prowse,West Ham,MF,28,37,"3,001",7,2,7,6.0,4.4,18,144,0.21,0.21,0.42,0.18,0.13,2,7,144,18,63
Jan Paul van Hecke,Brighton,DF,23,28,"2,369",0,0,0,1.2,1.2,25,147,0.00,0.00,0.00,0.05,0.05,0,0,147,25,7
Jarell Quansah,Liverpool,DF,20,17,"1,190",2,0,0,1.0,1.0,13,67,0.15,0.00,0.15,0.08,0.08,0,0,67,13,1
Jarrad Branthwaite,Everton,DF,21,35,"3,116",3,0,0,1.7,1.7,2,74,0.09,0.00,0.09,0.05,0.05,0,0,74,2,6
Jarrod Bowen,West Ham,FW,26,34,"3,019",16,0,6,11.6,11.6,90,52,0.48,0.18,0.66,0.35,0.35,0,6,52,90,186
Jason Steele,Brighton,GK,32,17,"1,530",0,0,0,0.0,0.0,0,0,0.00,0.00,0.00,0.00,0.00,0,0,0,0,0
Jay Rodriguez,Burnley,FW,34,21,822,2,1,1,3.5,2.7,2,17,0.22,0.11,0.33,0.38,0.30,1,1,17,2,28
Jayden Bogle,Sheffield Utd,DF,23,34,"2,788",3,0,0,2.3,2.3,38,60,0.10,0.00,0.10,0.07,0.07,0,0,60,38,92
Jaïro Riedewald,Crystal Palace,"MF,FW",26,9,235,0,0,0,0.0,0.0,3,10,0.00,0.00,0.00,0.01,0.01,0,0,10,3,3
Jean-Philippe Mateta,Crystal Palace,FW,26,35,"2,282",16,2,5,10.9,9.4,29,25,0.63,0.20,0.83,0.43,0.37,2,5,25,29,135
Jean-Ricner Bellegarde,Wolves,"MF,FW",25,22,958,2,0,1,1.6,1.6,30,39,0.19,0.09,0.28,0.15,0.15,0,1,39,30,49
Jefferson Lerma,Crystal Palace,"MF,DF",28,28,"2,400",1,0,1,2.7,2.7,14,106,0.04,0.04,0.07,0.10,0.10,0,1,106,14,51
Jeffrey Schlupp,Crystal Palace,"FW,MF",30,29,"1,352",2,0,2,1.8,1.8,20,33,0.13,0.13,0.27,0.12,0.12,0,2,33,20,52
Jeremy Doku,Manchester City,"FW,MF",21,29,"1,595",3,0,8,2.5,2.5,218,57,0.17,0.45,0.62,0.14,0.14,0,8,57,218,295
Jesurun Rak Sakyi,Crystal Palace,"MF,FW",20,6,136,0,0,0,0.4,0.4,7,2,0.00,0.00,0.00,0.28,0.28,0,0,2,7,18
Jhon Durán,Aston Villa,"FW,MF",19,23,475,5,0,0,2.0,2.0,9,9,0.95,0.00,0.95,0.38,0.38,0,0,9,9,25
Joachim Andersen,Crystal Palace,DF,27,38,"3,415",2,0,3,1.7,1.7,21,147,0.05,0.08,0.13,0.04,0.04,0,3,147,21,10
Joe Gomez,Liverpool,DF,26,32,"1,786",0,0,1,0.8,0.8,44,100,0.00,0.05,0.05,0.04,0.04,0,1,100,44,105
Joe Rothwell,Bournemouth,MF,28,11,386,0,0,0,0.1,0.1,6,20,0.00,0.00,0.00,0.02,0.02,0,0,20,6,3
Joe Willock,Newcastle Utd,MF,23,9,419,1,0,0,0.8,0.8,16,17,0.21,0.00,0.21,0.17,0.17,0,0,17,16,26
Joe Worrall,Nott'ham Forest,DF,26,7,439,0,0,0,0.1,0.1,0,8,0.00,0.00,0.00,0.02,0.02,0,0,8,0,1
Joel Ward,Crystal Palace,DF,33,26,"1,980",0,0,1,0.9,0.9,16,66,0.00,0.05,0.05,0.04,0.04,0,1,66,16,14
Joelinton,Newcastle Utd,"MF,FW",26,20,"1,279",2,0,1,3.1,3.1,29,56,0.14,0.07,0.21,0.22,0.22,0,1,56,29,60
John Egan,Sheffield Utd,DF,30,6,482,0,0,0,0.2,0.2,0,5,0.00,0.00,0.00,0.03,0.03,0,0,5,0,1
John Fleck,Sheffield Utd,"MF,DF",31,4,92,0,0,0,0.0,0.0,2,3,0.00,0.00,0.00,0.00,0.00,0,0,3,2,0
John McGinn,Aston Villa,"MF,FW",28,35,"2,999",6,0,4,5.0,5.0,59,189,0.18,0.12,0.30,0.15,0.15,0,4,189,59,84
John Stones,Manchester City,"DF,MF",29,16,"1,064",1,0,0,1.0,1.0,16,57,0.08,0.00,0.08,0.09,0.09,0,0,57,16,24
Jonny Evans,Manchester Utd,DF,35,23,"1,392",0,0,1,0.1,0.1,7,37,0.00,0.06,0.06,0.00,0.00,0,1,37,7,1
Jordan Ayew,Crystal Palace,"FW,MF",31,35,"2,543",4,0,7,3.9,3.9,74,63,0.14,0.25,0.39,0.14,0.14,0,7,63,74,173
Jordan Beyer,Burnley,DF,23,15,"1,234",0,0,1,0.5,0.5,9,25,0.00,0.07,0.07,0.04,0.04,0,1,25,9,1
Jordan Clark,Luton Town,MF,29,23,"1,304",1,0,1,1.0,1.0,21,51,0.07,0.07,0.14,0.07,0.07,0,1,51,21,39
Jordan Pickford,Everton,GK,29,38,"3,420",0,0,0,0.0,0.0,1,6,0.00,0.00,0.00,0.00,0.00,0,0,6,1,0
Jorginho,Arsenal,MF,31,24,921,0,0,2,0.1,0.1,8,101,0.00,0.20,0.20,0.01,0.01,0,2,101,8,8
Josh Brownhill,Burnley,MF,27,33,"2,252",4,0,2,1.9,1.9,19,90,0.16,0.08,0.24,0.08,0.08,0,2,90,19,36
Josh Cullen,Burnley,MF,27,25,"2,057",2,0,3,0.6,0.6,22,123,0.09,0.13,0.22,0.03,0.03,0,3,123,22,22
José Sá,Wolves,GK,30,35,"3,037",0,0,1,0.0,0.0,0,1,0.00,0.03,0.03,0.00,0.00,0,1,1,0,0
João Gomes,Wolves,MF,22,34,"2,649",2,0,1,1.7,1.7,28,101,0.07,0.03,0.10,0.06,0.06,0,1,101,28,44
João Palhinha,Fulham,MF,28,33,"2,699",4,0,1,3.3,3.3,8,97,0.13,0.03,0.17,0.11,0.11,0,1,97,8,14
João Pedro,Brighton,"FW,MF",21,31,"2,045",9,4,3,11.9,7.9,83,92,0.40,0.13,0.53,0.53,0.35,5,3,92,83,205
Joël Matip,Liverpool,DF,31,10,781,0,0,0,0.5,0.5,8,34,0.00,0.00,0.00,0.06,0.06,0,0,34,8,1
Joël Veltman,Brighton,DF,31,27,"1,588",1,0,1,0.4,0.4,24,85,0.06,0.06,0.11,0.02,0.02,0,1,85,24,54
Joško Gvardiol,Manchester City,DF,21,28,"2,328",4,0,1,3.1,3.1,63,136,0.15,0.04,0.19,0.12,0.12,0,1,136,63,115
Julio Enciso,Brighton,"MF,FW",19,12,475,0,0,2,1.4,1.4,28,21,0.00,0.38,0.38,0.27,0.27,0,2,21,28,29
Julián Álvarez,Manchester City,"MF,FW",23,36,"2,647",11,2,8,13.0,11.5,64,103,0.37,0.27,0.65,0.44,0.39,2,8,103,64,180
Justin Kluivert,Bournemouth,"MF,FW",24,32,"1,916",7,0,1,6.2,6.2,65,50,0.33,0.05,0.38,0.29,0.29,0,1,50,65,114
Jóhann Berg Guðmundsson,Burnley,"MF,FW",32,26,"1,192",1,0,3,1.9,1.9,13,59,0.08,0.23,0.30,0.14,0.14,0,3,59,13,69
Kai Havertz,Arsenal,"MF,FW",24,37,"2,634",13,1,7,12.3,11.6,55,99,0.44,0.24,0.68,0.42,0.39,1,7,99,55,191
Kalvin Phillips,West Ham,MF,27,8,309,0,0,0,0.1,0.1,3,19,0.00,0.00,0.00,0.02,0.02,0,0,19,3,4
Kalvin Phillips,Manchester City,MF,27,4,93,0,0,0,0.1,0.1,7,7,0.00,0.00,0.00,0.07,0.07,0,0,7,7,3
Kaoru Mitoma,Brighton,FW,26,19,"1,486",3,0,4,3.5,3.5,121,64,0.18,0.24,0.42,0.21,0.21,0,4,64,121,239
Keane Lewis-Potter,Brentford,"FW,DF",22,30,"1,441",3,0,1,6.3,6.3,56,32,0.19,0.06,0.25,0.39,0.39,0,1,32,56,135
Kenny Tete,Fulham,DF,27,14,867,1,0,0,0.9,0.9,20,54,0.10,0.00,0.10,0.09,0.09,0,0,54,20,38
Kevin De Bruyne,Manchester City,MF,32,18,"1,221",4,0,10,2.4,2.4,47,111,0.29,0.74,1.03,0.18,0.18,0,10,111,47,133
Kevin Schade,Brentford,"FW,MF",21,11,333,2,0,1,1.2,1.2,8,9,0.54,0.27,0.81,0.32,0.32,0,1,9,8,23
Kieffer Moore,Bournemouth,"FW,MF",30,8,108,1,0,0,1.5,1.5,2,4,0.83,0.00,0.83,1.23,1.23,0,0,4,2,15
Kieran Trippier,Newcastle Utd,DF,32,28,"2,236",1,0,10,0.7,0.7,34,157,0.04,0.40,0.44,0.03,0.03,0,10,157,34,128
Kobbie Mainoo,Manchester Utd,MF,18,24,"1,924",3,0,1,0.9,0.9,25,64,0.14,0.05,0.19,0.04,0.04,0,1,64,25,36
Konstantinos Mavropanos,West Ham,DF,25,19,"1,500",1,0,0,1.2,1.2,10,38,0.06,0.00,0.06,0.07,0.07,0,0,38,10,2
Kostas Tsimikas,Liverpool,DF,27,13,679,0,0,3,0.1,0.1,24,31,0.00,0.40,0.40,0.01,0.01,0,3,31,24,73
Kristoffer Ajer,Brentford,DF,25,28,"1,832",2,0,1,1.3,1.3,22,61,0.10,0.05,0.15,0.06,0.06,0,1,61,22,31
Kurt Zouma,West Ham,DF,28,33,"2,838",3,0,0,1.8,1.8,7,53,0.10,0.00,0.10,0.06,0.06,0,0,53,7,1
Kyle Walker,Manchester City,DF,33,32,"2,767",0,0,4,0.4,0.4,74,157,0.00,0.13,0.13,0.01,0.01,0,4,157,74,172
Leander Dendoncker,Aston Villa,MF,28,8,119,1,0,0,0.7,0.7,0,3,0.76,0.00,0.76,0.56,0.56,0,0,3,0,2
Leandro Trossard,Arsenal,"FW,MF",28,34,"1,649",12,0,1,7.9,7.9,66,76,0.65,0.05,0.71,0.43,0.43,0,1,76,66,155
Leon Bailey,Aston Villa,"MF,FW",25,35,"2,068",10,0,9,6.3,6.3,102,82,0.44,0.39,0.83,0.27,0.27,0,9,82,102,226
Leon Chiwome,Wolves,FW,17,3,174,0,0,0,0.1,0.1,1,2,0.00,0.00,0.00,0.05,0.05,0,0,2,1,7
Lesley Ugochukwu,Chelsea,MF,19,12,301,0,0,0,0.0,0.0,8,17,0.00,0.00,0.00,0.00,0.00,0,0,17,8,3
Levi Colwill,Chelsea,DF,20,23,"1,797",1,0,1,1.3,1.3,23,73,0.05,0.05,0.10,0.06,0.06,0,1,73,23,27
Lewis Cook,Bournemouth,MF,26,33,"2,786",0,0,3,0.4,0.4,22,142,0.00,0.10,0.10,0.01,0.01,0,3,142,22,15
Lewis Dobbin,Everton,MF,20,12,232,1,0,0,0.3,0.3,6,3,0.39,0.00,0.39,0.11,0.11,0,0,3,6,20
Lewis Dunk,Brighton,DF,31,33,"2,869",3,0,1,3.1,3.1,33,152,0.09,0.03,0.13,0.10,0.10,0,1,152,33,13
Lewis Hall,Newcastle Utd,DF,18,18,781,1,0,0,0.3,0.3,19,46,0.12,0.00,0.12,0.04,0.04,0,0,46,19,27
Lewis Miley,Newcastle Utd,MF,17,17,"1,202",1,0,3,1.2,1.2,14,53,0.07,0.22,0.30,0.09,0.09,0,3,53,14,54
Lisandro Martínez,Manchester Utd,DF,25,11,646,0,0,1,0.0,0.0,8,28,0.00,0.14,0.14,0.00,0.00,0,1,28,8,1
Lloyd Kelly,Bournemouth,DF,24,23,"1,559",0,0,1,0.3,0.3,15,56,0.00,0.06,0.06,0.02,0.02,0,1,56,15,28
Lorenz Assignon,Burnley,DF,23,15,"1,234",1,0,2,0.4,0.4,38,34,0.07,0.15,0.22,0.03,0.03,0,2,34,38,57
Luca Koleosho,Burnley,"MF,FW",18,15,974,1,0,1,2.0,2.0,53,19,0.09,0.09,0.18,0.18,0.18,0,1,19,53,82
Lucas Digne,Aston Villa,DF,30,33,"2,410",1,0,3,1.1,1.1,42,77,0.04,0.11,0.15,0.04,0.04,0,3,77,42,200
Lucas Paquetá,West Ham,"FW,MF",25,31,"2,622",4,2,6,5.4,3.8,34,187,0.14,0.21,0.34,0.18,0.13,2,6,187,34,116
Luis Díaz,Liverpool,FW,26,37,"2,629",8,0,5,11.9,11.9,137,113,0.27,0.17,0.45,0.41,0.41,0,5,113,137,302
Luis Sinisterra,Bournemouth,"FW,MF",24,20,699,2,0,2,2.5,2.5,51,38,0.26,0.26,0.52,0.33,0.33,0,2,38,51,85
Luke Berry,Luton Town,"MF,DF",31,17,323,2,0,1,1.0,1.0,1,8,0.56,0.28,0.84,0.28,0.28,0,1,8,1,7
Luke Shaw,Manchester Utd,DF,28,12,959,0,0,0,0.0,0.0,10,45,0.00,0.00,0.00,0.00,0.00,0,0,45,10,30
Luke Thomas,Sheffield Utd,DF,22,12,917,0,0,0,0.5,0.5,8,33,0.00,0.00,0.00,0.05,0.05,0,0,33,8,22
Lyle Foster,Burnley,"FW,MF",22,24,"1,899",5,0,3,4.5,4.5,55,37,0.24,0.14,0.38,0.21,0.21,0,3,37,55,104
Mads Juel Andersen,Luton Town,DF,25,8,400,1,0,0,0.3,0.3,0,7,0.23,0.00,0.23,0.06,0.06,0,0,7,0,1
Mads Roerslev,Brentford,DF,24,34,"1,985",1,0,2,0.9,0.9,18,43,0.05,0.09,0.14,0.04,0.04,0,2,43,18,90
Mahmoud Dahoud,Brighton,MF,27,9,452,0,0,1,0.2,0.2,4,11,0.00,0.20,0.20,0.04,0.04,0,1,11,4,6
Malo Gusto,Chelsea,DF,20,27,"1,751",0,0,6,0.9,0.9,78,86,0.00,0.31,0.31,0.05,0.05,0,6,86,78,135
Manor Solomon,Tottenham,FW,24,5,199,0,0,2,0.4,0.4,17,11,0.00,0.90,0.90,0.19,0.19,0,2,11,17,44
Manuel Akanji,Manchester City,"DF,MF",28,30,"2,511",2,0,0,1.9,1.9,46,148,0.07,0.00,0.07,0.07,0.07,0,0,148,46,36
Marc Cucurella,Chelsea,DF,25,21,"1,782",0,0,2,1.1,1.1,31,50,0.00,0.10,0.10,0.06,0.06,0,2,50,31,73
Marc Guéhi,Crystal Palace,DF,23,25,"2,021",0,0,1,0.6,0.6,15,67,0.00,0.04,0.04,0.03,0.03,0,1,67,15,7
Marcos Senesi,Bournemouth,DF,26,31,"2,242",4,0,5,2.0,2.0,31,127,0.16,0.20,0.36,0.08,0.08,0,5,127,31,4
Marcus Rashford,Manchester Utd,FW,25,33,"2,271",7,2,2,7.4,5.8,95,65,0.28,0.08,0.36,0.29,0.23,2,2,65,95,184
Marcus Tavernier,Bournemouth,FW,24,30,"2,118",3,0,4,3.9,3.9,79,84,0.13,0.17,0.30,0.17,0.17,0,4,84,79,171
Mario Lemina,Wolves,MF,29,35,"2,968",4,0,1,4.6,4.6,32,76,0.12,0.03,0.15,0.14,0.14,0,1,76,32,49
Mark Flekken,Brentford,GK,30,37,"3,285",0,0,1,0.0,0.0,0,5,0.00,0.03,0.03,0.00,0.00,0,1,5,0,0
Mark Travers,Bournemouth,GK,24,4,360,0,0,0,0.0,0.0,0,0,0.00,0.00,0.00,0.00,0.00,0,0,0,0,0
Martin Dúbravka,Newcastle Utd,GK,34,23,"1,985",0,0,0,0.0,0.0,0,0,0.00,0.00,0.00,0.00,0.00,0,0,0,0,0
Martin Ødegaard,Arsenal,MF,24,35,"3,091",8,2,10,7.4,5.8,91,344,0.23,0.29,0.52,0.22,0.17,2,10,344,91,202
Marvelous Nakamba,Luton Town,MF,29,13,"1,130",0,0,0,0.2,0.2,1,36,0.00,0.00,0.00,0.01,0.01,0,0,36,1,5
Mason Holgate,Sheffield Utd,DF,26,10,710,0,0,0,0.6,0.6,0,13,0.00,0.00,0.00,0.08,0.08,0,0,13,0,0
Mason Mount,Manchester Utd,"MF,FW",24,14,516,1,0,0,0.4,0.4,9,21,0.17,0.00,0.17,0.07,0.07,0,0,21,9,34
Mateo Kovačić,Manchester City,MF,29,30,"1,551",1,0,0,1.3,1.3,37,100,0.06,0.00,0.06,0.07,0.07,0,0,100,37,38
Matheus Cunha,Wolves,"FW,MF",24,32,"2,440",12,1,7,9.5,8.7,107,87,0.44,0.26,0.70,0.35,0.32,1,7,87,107,139
Matheus França,Crystal Palace,"MF,FW",19,10,232,0,0,1,0.4,0.4,12,8,0.00,0.39,0.39,0.14,0.14,0,1,8,12,12
Matheus Nunes,Wolves,MF,24,2,179,0,0,0,0.1,0.1,7,8,0.00,0.00,0.00,0.04,0.04,0,0,8,7,9
Matheus Nunes,Manchester City,MF,24,17,661,0,0,2,0.8,0.8,28,34,0.00,0.27,0.27,0.11,0.11,0,2,34,28,58
Mathias Jensen,Brentford,MF,27,32,"2,204",3,0,3,0.7,0.7,19,123,0.12,0.12,0.25,0.03,0.03,0,3,123,19,66
Mathias Jørgensen,Brentford,DF,33,14,"1,087",1,0,0,0.7,0.7,5,50,0.08,0.00,0.08,0.06,0.06,0,0,50,5,4
Matt Doherty,Wolves,"DF,MF",31,30,"1,150",1,0,0,0.8,0.8,12,31,0.08,0.00,0.08,0.07,0.07,0,0,31,12,64
Matt Ritchie,Newcastle Utd,"FW,MF",33,13,128,1,0,0,1.0,1.0,5,8,0.70,0.00,0.70,0.68,0.68,0,0,8,5,13
Matt Turner,Nott'ham Forest,GK,29,17,"1,530",0,0,0,0.0,0.0,0,0,0.00,0.00,0.00,0.00,0.00,0,0,0,0,0
Matty Cash,Aston Villa,DF,25,29,"2,142",2,0,2,4.2,4.2,62,88,0.08,0.08,0.17,0.18,0.18,0,2,88,62,101
Matz Sels,Nott'ham Forest,GK,31,16,"1,440",0,0,0,0.0,0.0,0,0,0.00,0.00,0.00,0.00,0.00,0,0,0,0,0
Max Aarons,Bournemouth,DF,23,20,"1,237",0,0,1,0.0,0.0,22,43,0.00,0.07,0.07,0.00,0.00,0,1,43,22,26
Max Kilman,Wolves,DF,26,38,"3,420",2,0,0,1.8,1.8,22,117,0.05,0.00,0.05,0.05,0.05,0,0,117,22,5
Max Lowe,Sheffield Utd,"DF,MF",26,10,503,0,0,0,0.6,0.6,5,12,0.00,0.00,0.00,0.10,0.10,0,0,12,5,11
Maxime Estève,Burnley,DF,21,16,"1,309",0,0,0,0.3,0.3,15,40,0.00,0.00,0.00,0.02,0.02,0,0,40,15,3
Maxwel Cornet,West Ham,"MF,FW",26,7,112,1,0,0,0.4,0.4,3,2,0.80,0.00,0.80,0.32,0.32,0,0,2,3,8
Michael Keane,Everton,DF,30,9,439,1,0,0,0.7,0.7,4,14,0.21,0.00,0.21,0.14,0.14,0,0,14,4,3
Michael Olise,Crystal Palace,"FW,MF",21,19,"1,275",10,1,6,5.5,4.7,68,78,0.71,0.42,1.13,0.39,0.33,1,6,78,68,134
Michail Antonio,West Ham,FW,33,26,"1,695",6,0,2,5.8,5.8,48,22,0.32,0.11,0.42,0.31,0.31,0,2,22,48,104
Micky van de Ven,Tottenham,DF,22,27,"2,339",3,0,0,0.6,0.6,19,108,0.12,0.00,0.12,0.02,0.02,0,0,108,19,9
Miguel Almirón,Newcastle Utd,FW,29,33,"1,937",3,0,1,4.5,4.5,78,78,0.14,0.05,0.19,0.21,0.21,0,1,78,78,162
Mike Trésor,Burnley,"FW,MF",24,16,420,0,0,0,0.5,0.5,15,10,0.00,0.00,0.00,0.10,0.10,0,0,10,15,31
Mikkel Damsgaard,Brentford,MF,23,23,842,0,0,2,0.9,0.9,16,61,0.00,0.21,0.21,0.10,0.10,0,2,61,16,32
Milos Kerkez,Bournemouth,DF,19,28,"1,970",0,0,1,1.2,1.2,46,44,0.00,0.05,0.05,0.06,0.06,0,1,44,46,93
Mohamed Salah,Liverpool,FW,31,32,"2,534",18,5,10,21.2,15.5,98,147,0.64,0.36,0.99,0.75,0.55,7,10,147,98,341
Mohammed Kudus,West Ham,"FW,MF",22,33,"2,484",8,0,6,5.1,5.1,117,80,0.29,0.22,0.51,0.19,0.19,0,6,80,117,216
Moisés Caicedo,Chelsea,MF,21,35,"2,866",1,0,3,0.4,0.4,27,173,0.03,0.09,0.13,0.01,0.01,0,3,173,27,27
Morgan Gibbs-White,Nott'ham Forest,"MF,FW",23,37,"3,156",5,1,10,6.9,6.1,80,170,0.14,0.29,0.43,0.20,0.17,1,10,170,80,181
Morgan Rogers,Aston Villa,"MF,FW",21,11,638,3,0,1,1.4,1.4,22,28,0.42,0.14,0.56,0.19,0.19,0,1,28,22,30
Moussa Diaby,Aston Villa,"FW,MF",24,38,"2,174",6,0,8,7.0,7.0,94,72,0.25,0.33,0.58,0.29,0.29,0,8,72,94,183
Moussa Niakhate,Nott'ham Forest,DF,27,21,"1,460",1,0,0,1.1,1.1,13,39,0.06,0.00,0.06,0.07,0.07,0,0,39,13,6
Murillo,Nott'ham Forest,DF,21,32,"2,789",0,0,2,1.8,1.8,22,89,0.00,0.06,0.06,0.06,0.06,0,2,89,22,7
Mykhailo Mudryk,Chelsea,FW,22,31,"1,576",5,0,2,4.4,4.4,92,45,0.29,0.11,0.40,0.25,0.25,0,2,45,92,139
Naouirou Ahamada,Crystal Palace,"MF,FW",21,20,349,0,0,0,0.5,0.5,19,25,0.00,0.00,0.00,0.13,0.13,0,0,25,19,20
Nathan Aké,Manchester City,DF,28,29,"2,042",2,0,2,2.5,2.5,24,116,0.09,0.09,0.18,0.11,0.11,0,2,116,24,18
Nathan Collins,Brentford,DF,22,32,"2,652",1,0,1,1.7,1.7,11,97,0.03,0.03,0.07,0.06,0.06,0,1,97,11,18
Nathan Fraser,Wolves,FW,18,7,186,0,0,0,0.3,0.3,1,2,0.00,0.00,0.00,0.16,0.16,0,0,2,1,21
Nathan Patterson,Everton,DF,21,20,"1,005",0,0,2,0.3,0.3,17,38,0.00,0.18,0.18,0.03,0.03,0,2,38,17,39
Nathan Redmond,Burnley,"FW,MF",29,12,142,0,0,0,0.0,0.0,7,8,0.00,0.00,0.00,0.00,0.00,0,0,8,7,22
Nathaniel Clyne,Crystal Palace,DF,32,19,"1,338",0,0,0,0.2,0.2,10,33,0.00,0.00,0.00,0.01,0.01,0,0,33,10,18
Nayef Aguerd,West Ham,DF,27,21,"1,857",1,0,0,1.5,1.5,10,68,0.05,0.00,0.05,0.07,0.07,0,0,68,10,3
Neal Maupay,Brentford,FW,26,29,"1,321",6,0,3,5.7,5.7,21,37,0.41,0.20,0.61,0.39,0.39,0,3,37,21,91
Neal Maupay,Everton,FW,26,2,111,0,0,0,1.4,1.4,1,0,0.00,0.00,0.00,1.16,1.16,0,0,0,1,6
Neco Williams,Nott'ham Forest,DF,22,26,"1,637",0,0,1,0.8,0.8,48,47,0.00,0.05,0.05,0.04,0.04,0,1,47,48,86
Neto,Bournemouth,GK,34,32,"2,880",0,0,0,0.0,0.0,0,0,0.00,0.00,0.00,0.00,0.00,0,0,0,0,0
Nick Pope,Newcastle Utd,GK,31,15,"1,345",0,0,0,0.0,0.0,0,0,0.00,0.00,0.00,0.00,0.00,0,0,0,0,0
Nicolas Jackson,Chelsea,FW,22,35,"2,799",14,0,5,18.6,18.6,70,67,0.45,0.16,0.61,0.60,0.60,0,5,67,70,200
Nicolás Domínguez,Nott'ham Forest,"MF,FW",25,26,"1,495",2,0,2,1.3,1.3,14,91,0.12,0.12,0.24,0.08,0.08,0,2,91,14,43
Nicolò Zaniolo,Aston Villa,"FW,MF",24,25,839,2,0,0,2.6,2.6,35,30,0.21,0.00,0.21,0.28,0.28,0,0,30,35,60
Noni Madueke,Chelsea,FW,21,23,"1,053",5,1,2,2.5,1.7,76,52,0.43,0.17,0.60,0.21,0.14,1,2,52,76,136
Nuno Tavares,Nott'ham Forest,DF,23,8,457,0,0,0,0.2,0.2,14,24,0.00,0.00,0.00,0.03,0.03,0,0,24,14,12
Nélson Semedo,Wolves,"DF,MF",29,36,"3,084",0,0,1,1.3,1.3,103,138,0.00,0.03,0.03,0.04,0.04,0,1,138,103,150
Odeluga Offiah,Brighton,DF,20,4,128,0,0,0,0.0,0.0,9,4,0.00,0.00,0.00,0.00,0.00,0,0,4,9,9
Odisseas Vlachodimos,Nott'ham Forest,GK,29,5,450,0,0,0,0.0,0.0,0,1,0.00,0.00,0.00,0.00,0.00,0,0,1,0,0
Odsonne Édouard,Crystal Palace,"FW,MF",25,30,"1,555",7,0,0,6.2,6.2,33,36,0.41,0.00,0.41,0.36,0.36,0,0,36,33,100
Ola Aina,Nott'ham Forest,DF,26,22,"1,692",1,0,1,0.3,0.3,53,68,0.05,0.05,0.11,0.01,0.01,0,1,68,53,38
Oleksandr Zinchenko,Arsenal,DF,26,27,"1,722",1,0,2,0.6,0.6,40,229,0.05,0.10,0.16,0.03,0.03,0,2,229,40,58
Oliver Arblaster,Sheffield Utd,MF,19,12,943,0,0,0,0.0,0.0,13,43,0.00,0.00,0.00,0.00,0.00,0,0,43,13,4
Oliver McBurnie,Sheffield Utd,FW,27,21,"1,280",6,2,3,6.9,5.3,6,30,0.42,0.21,0.63,0.48,0.37,2,3,30,6,60
Oliver Norwood,Sheffield Utd,MF,32,27,"1,440",1,1,0,1.1,0.3,3,73,0.06,0.00,0.06,0.07,0.02,1,0,73,3,10
Oliver Skipp,Tottenham,"MF,DF",22,21,707,0,0,0,0.7,0.7,8,37,0.00,0.00,0.00,0.09,0.09,0,0,37,8,25
Ollie Watkins,Aston Villa,FW,27,37,"3,217",19,0,13,16.8,16.8,62,55,0.53,0.36,0.90,0.47,0.47,0,13,55,62,214
Orel Mangala,Nott'ham Forest,MF,25,20,"1,563",1,0,0,0.8,0.8,13,45,0.06,0.00,0.06,0.05,0.05,0,0,45,13,14
Oscar Bobb,Manchester City,"FW,MF",20,14,302,1,0,1,1.4,1.4,13,25,0.30,0.30,0.60,0.41,0.41,0,1,25,13,38
Pablo Fornals,West Ham,"MF,FW",27,15,426,0,0,0,0.3,0.3,4,29,0.00,0.00,0.00,0.07,0.07,0,0,29,4,27
Pablo Sarabia,Wolves,"MF,FW",31,30,"1,745",4,2,7,5.5,3.9,41,109,0.21,0.36,0.57,0.28,0.20,2,7,109,41,137
Pape Matar Sarr,Tottenham,MF,20,34,"2,069",3,0,3,3.4,3.4,43,150,0.13,0.13,0.26,0.15,0.15,0,3,150,43,90
Pascal Groß,Brighton,"MF,DF",32,36,"3,114",4,1,10,6.5,5.7,83,302,0.12,0.29,0.40,0.19,0.16,1,10,302,83,180
Pau Torres,Aston Villa,DF,26,29,"2,464",2,0,0,1.0,1.0,42,128,0.07,0.00,0.07,0.04,0.04,0,0,128,42,16
Pedro Neto,Wolves,"FW,MF",23,20,"1,516",2,0,9,3.5,3.5,98,54,0.12,0.53,0.65,0.21,0.21,0,9,54,98,149
Pedro Porro,Tottenham,DF,23,35,"3,089",3,0,7,2.9,2.9,57,194,0.09,0.20,0.29,0.09,0.09,0,7,194,57,158
Pelly Ruddock Mpanzu,Luton Town,MF,30,27,"1,101",0,0,0,0.6,0.6,10,34,0.00,0.00,0.00,0.05,0.05,0,0,34,10,15
Pervis Estupiñán,Brighton,DF,25,19,"1,243",2,0,3,1.0,1.0,47,83,0.14,0.22,0.36,0.07,0.07,0,3,83,47,88
Phil Foden,Manchester City,"FW,MF",23,35,"2,857",19,0,8,10.3,10.3,93,168,0.60,0.25,0.85,0.33,0.33,0,8,168,93,269
Philip Billing,Bournemouth,MF,27,29,"1,398",2,0,2,2.5,2.5,22,53,0.13,0.13,0.26,0.16,0.16,0,2,53,22,63
Pierre Højbjerg,Tottenham,MF,27,36,"1,311",0,0,0,0.7,0.7,17,134,0.00,0.00,0.00,0.05,0.05,0,0,134,17,29
Radu Drăgușin,Tottenham,DF,21,9,429,0,0,0,0.1,0.1,5,8,0.00,0.00,0.00,0.03,0.03,0,0,8,5,1
Raheem Sterling,Chelsea,"FW,MF",28,31,"1,978",8,0,4,6.5,6.5,120,78,0.36,0.18,0.55,0.29,0.29,0,4,78,120,242
Raphaël Varane,Manchester Utd,DF,30,22,"1,375",1,0,0,1.3,1.3,16,59,0.07,0.00,0.07,0.08,0.08,0,0,59,16,2
Rasmus Højlund,Manchester Utd,FW,20,30,"2,158",10,0,2,7.6,7.6,36,33,0.42,0.08,0.50,0.32,0.32,0,2,33,36,111
Rayan Aït-Nouri,Wolves,"DF,MF",22,33,"2,329",2,0,1,3.3,3.3,67,99,0.08,0.04,0.12,0.13,0.13,0,1,99,67,99
Raúl Jiménez,Fulham,FW,32,24,"1,395",7,0,0,5.2,5.2,11,24,0.45,0.00,0.45,0.33,0.33,0,0,24,11,87
Reece Burke,Luton Town,DF,26,22,"1,660",0,0,4,1.3,1.3,11,67,0.00,0.22,0.22,0.07,0.07,0,4,67,11,14
Reece James,Chelsea,DF,23,10,419,0,0,2,0.3,0.3,19,21,0.00,0.43,0.43,0.07,0.07,0,2,21,19,35
Reiss Nelson,Arsenal,FW,23,15,268,0,0,0,0.2,0.2,9,5,0.00,0.00,0.00,0.07,0.07,0,0,5,9,26
Rhian Brewster,Sheffield Utd,"FW,MF",23,13,346,0,0,0,0.4,0.4,1,3,0.00,0.00,0.00,0.09,0.09,0,0,3,1,21
Rhys Norrington-Davies,Sheffield Utd,DF,24,5,110,0,0,0,0.0,0.0,3,2,0.00,0.00,0.00,0.00,0.00,0,0,2,3,6
Richarlison,Tottenham,FW,26,28,"1,491",11,0,4,9.6,9.6,26,38,0.66,0.24,0.91,0.58,0.58,0,4,38,26,106
Rico Henry,Brentford,DF,26,5,401,0,0,1,0.1,0.1,13,20,0.00,0.22,0.22,0.02,0.02,0,1,20,13,12
Rico Lewis,Manchester City,"DF,MF",18,16,809,2,0,0,0.6,0.6,21,33,0.22,0.00,0.22,0.07,0.07,0,0,33,21,46
Robert Sánchez,Chelsea,GK,25,16,"1,433",0,0,0,0.0,0.0,0,1,0.00,0.00,0.00,0.00,0.00,0,0,1,0,0
Robin Olsen,Aston Villa,GK,33,5,405,0,0,0,0.0,0.0,0,0,0.00,0.00,0.00,0.00,0.00,0,0,0,0,0
Rodri,Manchester City,MF,27,34,"2,931",8,0,9,4.1,4.1,76,376,0.25,0.28,0.52,0.12,0.12,0,9,376,76,55
Rodrigo Bentancur,Tottenham,MF,26,23,"1,005",1,0,1,1.9,1.9,16,72,0.09,0.09,0.18,0.17,0.17,0,1,72,16,31
Rodrigo Muniz,Fulham,FW,22,26,"1,593",9,0,1,8.7,8.7,8,19,0.51,0.06,0.56,0.49,0.49,0,1,19,8,76
Ross Barkley,Luton Town,MF,29,32,"2,618",5,0,4,4.1,4.1,48,163,0.17,0.14,0.31,0.14,0.14,0,4,163,48,39
Ryan Christie,Bournemouth,MF,28,37,"2,907",0,0,5,2.3,2.3,60,167,0.00,0.15,0.15,0.07,0.07,0,5,167,60,78
Ryan Gravenberch,Liverpool,MF,21,26,"1,121",1,0,0,2.0,2.0,39,78,0.08,0.00,0.08,0.16,0.16,0,0,78,39,71
Ryan John Giles,Luton Town,"DF,MF",23,11,503,0,0,0,0.1,0.1,9,17,0.00,0.00,0.00,0.02,0.02,0,0,17,9,30
Ryan Yates,Nott'ham Forest,MF,25,35,"1,992",1,0,1,2.6,2.6,18,73,0.05,0.05,0.09,0.12,0.12,0,1,73,18,37
Rúben Dias,Manchester City,DF,26,30,"2,559",0,0,0,1.4,1.4,34,173,0.00,0.00,0.00,0.05,0.05,0,0,173,34,16
Sam Johnstone,Crystal Palace,GK,30,20,"1,796",0,0,0,0.0,0.0,0,0,0.00,0.00,0.00,0.00,0.00,0,0,0,0,0
Saman Ghoddos,Brentford,DF,29,19,739,1,0,0,0.3,0.3,22,36,0.12,0.00,0.12,0.04,0.04,0,0,36,22,31
Sander Berge,Burnley,MF,25,37,"3,005",1,0,2,1.9,1.9,64,164,0.03,0.06,0.09,0.06,0.06,0,2,164,64,29
Sandro Tonali,Newcastle Utd,MF,23,8,438,1,0,0,0.7,0.7,11,19,0.21,0.00,0.21,0.13,0.13,0,0,19,11,21
Santiago Bueno,Wolves,DF,24,12,822,0,0,0,0.0,0.0,3,11,0.00,0.00,0.00,0.00,0.00,0,0,11,3,2
Sasa Kalajdzic,Wolves,FW,26,11,166,2,0,0,1.1,1.1,1,5,1.08,0.00,1.08,0.57,0.57,0,0,5,1,9
Saïd Benrahma,West Ham,"FW,MF",27,13,620,0,0,1,1.8,1.0,28,28,0.00,0.15,0.15,0.27,0.15,1,1,28,28,70
Saša Lukić,Fulham,MF,26,24,"1,122",1,0,0,1.6,1.6,12,43,0.08,0.00,0.08,0.13,0.13,0,0,43,12,27
Scott McKenna,Nott'ham Forest,DF,26,5,416,0,0,0,0.2,0.2,1,10,0.00,0.00,0.00,0.05,0.05,0,0,10,1,0
Scott McTominay,Manchester Utd,"MF,FW",26,32,"1,901",7,0,1,5.7,5.7,29,64,0.33,0.05,0.38,0.27,0.27,0,1,64,29,47
Sean Longstaff,Newcastle Utd,MF,25,35,"2,747",6,0,2,6.6,6.6,24,145,0.20,0.07,0.26,0.22,0.22,0,2,145,24,116
Serge Aurier,Nott'ham Forest,"DF,MF",30,12,833,0,0,2,0.2,0.2,10,47,0.00,0.22,0.22,0.02,0.02,0,2,47,10,29
Sergio Reguilón,Manchester Utd,DF,26,9,412,0,0,0,0.2,0.2,11,27,0.00,0.00,0.00,0.04,0.04,0,0,27,11,38
Sergio Reguilón,Brentford,DF,26,16,"1,118",0,0,4,0.8,0.8,34,38,0.00,0.32,0.32,0.06,0.06,0,4,38,34,40
Shandon Baptiste,Brentford,MF,25,10,229,1,0,1,0.9,0.9,3,5,0.39,0.39,0.79,0.35,0.35,0,1,5,3,1
Simon Adingra,Brighton,FW,21,31,"2,222",6,0,1,4.3,4.3,111,50,0.24,0.04,0.28,0.17,0.17,0,1,50,111,278
Sofyan Amrabat,Manchester Utd,"MF,DF",26,21,938,0,0,0,0.1,0.1,6,66,0.00,0.00,0.00,0.01,0.01,0,0,66,6,10
Solly March,Brighton,"FW,DF",29,7,554,3,0,1,2.0,2.0,14,24,0.49,0.16,0.65,0.32,0.32,0,1,24,14,44
Son Heung-min,Tottenham,FW,31,35,"2,934",17,2,10,12.0,10.4,119,139,0.52,0.31,0.83,0.37,0.32,2,10,139,119,325
Stefan Ortega,Manchester City,GK,30,9,635,0,0,0,0.0,0.0,0,0,0.00,0.00,0.00,0.00,0.00,0,0,0,0,0
Sven Botman,Newcastle Utd,DF,23,17,"1,377",2,0,2,0.6,0.6,0,35,0.13,0.13,0.26,0.04,0.04,0,2,35,0,5
Séamus Coleman,Everton,DF,34,12,665,0,0,0,0.0,0.0,5,22,0.00,0.00,0.00,0.00,0.00,0,0,22,5,16
Tahith Chong,Luton Town,"MF,FW",23,33,"1,982",4,0,0,2.7,2.7,57,72,0.18,0.00,0.18,0.12,0.12,0,0,72,57,101
Taiwo Awoniyi,Nott'ham Forest,FW,25,20,"1,042",6,0,3,4.7,4.7,8,14,0.52,0.26,0.78,0.41,0.41,0,3,14,8,45
Takehiro Tomiyasu,Arsenal,DF,24,22,"1,149",2,0,1,1.5,1.5,17,72,0.16,0.08,0.23,0.12,0.12,0,1,72,17,37
Tariq Lamptey,Brighton,"DF,FW",22,19,914,0,0,3,0.4,0.4,39,17,0.00,0.30,0.30,0.04,0.04,0,3,17,39,64
Tawanda Chirewa,Wolves,"MF,FW",19,8,145,0,0,0,0.2,0.2,1,7,0.00,0.00,0.00,0.10,0.10,0,0,7,1,8
Teden Mengi,Luton Town,DF,21,30,"2,469",1,0,0,0.6,0.6,15,54,0.04,0.00,0.04,0.02,0.02,0,0,54,15,1
Thiago Silva,Chelsea,DF,38,31,"2,527",3,0,1,0.8,0.8,2,102,0.11,0.04,0.14,0.03,0.03,0,1,102,2,5
Thomas Kaminski,Luton Town,GK,30,38,"3,405",0,0,0,0.0,0.0,0,1,0.00,0.00,0.00,0.00,0.00,0,0,1,0,0
Thomas Partey,Arsenal,"MF,DF",30,14,788,0,0,0,0.4,0.4,15,72,0.00,0.00,0.00,0.05,0.05,0,0,72,15,10
Thomas Strakosha,Brentford,GK,28,2,135,0,0,0,0.0,0.0,0,0,0.00,0.00,0.00,0.00,0.00,0,0,0,0,0
Tim Iroegbunam,Aston Villa,MF,20,9,164,0,0,0,0.0,0.0,3,1,0.00,0.00,0.00,0.00,0.00,0,0,1,3,0
Tim Ream,Fulham,DF,35,18,"1,503",1,0,0,1.0,1.0,11,65,0.06,0.00,0.06,0.06,0.06,0,0,65,11,3
Timo Werner,Tottenham,FW,27,13,809,2,0,3,3.7,3.7,79,41,0.22,0.33,0.56,0.41,0.41,0,3,41,79,124
Timothy Castagne,Fulham,DF,27,34,"2,634",1,0,3,1.6,1.6,48,77,0.03,0.10,0.14,0.06,0.06,0,3,77,48,113
Tom Cairney,Fulham,MF,32,34,"1,488",1,0,4,1.1,1.1,35,145,0.06,0.24,0.30,0.07,0.07,0,4,145,35,72
Tom Davies,Sheffield Utd,MF,25,9,221,0,0,0,0.4,0.4,3,8,0.00,0.00,0.00,0.14,0.14,0,0,8,3,3
Tom Lockyer,Luton Town,DF,28,14,"1,169",1,0,1,1.1,1.1,6,37,0.08,0.08,0.15,0.08,0.08,0,1,37,6,2
Tommy Doyle,Wolves,MF,21,26,"1,222",0,0,0,0.4,0.4,21,81,0.00,0.00,0.00,0.03,0.03,0,0,81,21,17
Tomáš Souček,West Ham,MF,28,37,"2,870",7,0,2,6.7,6.7,7,86,0.22,0.06,0.28,0.21,0.21,0,2,86,7,39
Tosin Adarabioyo,Fulham,DF,25,20,"1,617",2,0,0,0.7,0.7,10,62,0.11,0.00,0.11,0.04,0.04,0,0,62,10,5
Toti Gomes,Wolves,DF,24,35,"2,772",1,0,3,1.6,1.6,22,79,0.03,0.10,0.13,0.05,0.05,0,3,79,22,11
Trent Alexander-Arnold,Liverpool,DF,24,28,"2,155",3,0,4,2.6,2.3,45,205,0.13,0.17,0.29,0.11,0.10,0,4,205,45,97
Trevoh Chalobah,Chelsea,DF,24,13,952,1,0,0,0.2,0.2,5,31,0.09,0.00,0.09,0.02,0.02,0,0,31,5,9
Tyler Adams,Bournemouth,MF,24,3,121,0,0,0,0.0,0.0,4,5,0.00,0.00,0.00,0.00,0.00,0,0,5,4,1
Tyrick Mitchell,Crystal Palace,"DF,MF",23,37,"3,204",2,0,3,1.6,1.6,32,94,0.06,0.08,0.14,0.04,0.04,0,3,94,32,159
Valentino Livramento,Newcastle Utd,DF,20,26,"1,314",1,0,0,0.4,0.4,44,61,0.07,0.00,0.07,0.03,0.03,0,0,61,44,76
Valentín Barco,Brighton,"DF,FW",19,6,307,0,0,0,0.2,0.2,8,14,0.00,0.00,0.00,0.05,0.05,0,0,14,8,20
Victor Lindelöf,Manchester Utd,DF,29,19,"1,328",1,0,1,0.8,0.8,17,40,0.07,0.07,0.14,0.05,0.05,0,1,40,17,17
Vinicius Souza,Sheffield Utd,MF,24,36,"2,668",1,0,0,0.6,0.6,7,66,0.03,0.00,0.03,0.02,0.02,0,0,66,7,21
Virgil van Dijk,Liverpool,DF,32,36,"3,177",2,0,2,2.8,2.8,32,200,0.06,0.06,0.11,0.08,0.08,0,2,200,32,7
Vitaliy Mykolenko,Everton,DF,24,28,"2,469",2,0,0,1.5,1.5,14,55,0.07,0.00,0.07,0.06,0.06,0,0,55,14,68
Vitaly Janelt,Brentford,"MF,DF",25,38,"3,054",1,0,3,1.8,1.8,25,123,0.03,0.09,0.12,0.05,0.05,0,3,123,25,81
Vitinho,Burnley,"DF,MF",24,32,"2,314",0,0,2,1.6,1.6,59,66,0.00,0.08,0.08,0.06,0.06,0,2,66,59,110
Vladimír Coufal,West Ham,DF,30,36,"3,132",0,0,7,0.3,0.3,68,119,0.00,0.20,0.20,0.01,0.01,0,7,119,68,126
Wataru Endo,Liverpool,MF,30,29,"1,722",1,0,0,0.5,0.5,10,101,0.05,0.00,0.05,0.03,0.03,0,0,101,10,21
Wes Foderingham,Sheffield Utd,GK,32,30,"2,649",0,0,0,0.0,0.0,0,0,0.00,0.00,0.00,0.00,0.00,0,0,0,0,0
Will Hughes,Crystal Palace,MF,28,30,"1,891",0,0,1,0.3,0.3,14,76,0.00,0.05,0.05,0.02,0.02,0,1,76,14,17
William Osula,Sheffield Utd,FW,19,21,786,0,0,0,1.6,1.6,7,2,0.00,0.00,0.00,0.19,0.19,0,0,2,7,41
William Saliba,Arsenal,DF,22,38,"3,420",2,0,1,1.6,1.6,16,157,0.05,0.03,0.08,0.04,0.04,0,1,157,16,6
Willian,Fulham,FW,34,31,"2,053",4,2,2,5.1,3.6,92,153,0.18,0.09,0.26,0.22,0.16,2,2,153,92,181
Willy Boly,Nott'ham Forest,DF,32,20,"1,438",2,0,1,1.5,1.5,4,32,0.13,0.06,0.19,0.09,0.09,0,1,32,4,3
Willy Kambwala,Manchester Utd,DF,18,8,330,0,0,0,0.0,0.0,2,8,0.00,0.00,0.00,0.00,0.00,0,0,8,2,1
Wilson Odobert,Burnley,"MF,FW",18,29,"2,098",3,0,2,2.8,2.8,102,58,0.13,0.09,0.21,0.12,0.12,0,2,58,102,123
Yasser Larouci,Sheffield Utd,DF,22,11,531,0,0,0,0.2,0.2,18,14,0.00,0.00,0.00,0.04,0.04,0,0,14,18,12
Yehor Yarmoliuk,Brentford,MF,19,27,688,0,0,0,1.0,1.0,13,35,0.00,0.00,0.00,0.13,0.13,0,0,35,13,36
Yoane Wissa,Brentford,FW,26,34,"2,493",12,0,3,10.6,10.6,45,48,0.43,0.11,0.54,0.38,0.38,0,3,48,45,150
Youri Tielemans,Aston Villa,"MF,FW",26,32,"1,622",2,0,6,1.3,1.3,23,128,0.11,0.33,0.44,0.07,0.07,0,6,128,23,46
Youssef Chermiti,Everton,FW,19,18,208,0,0,0,0.7,0.7,5,5,0.00,0.00,0.00,0.31,0.31,0,0,5,5,15
Yves Bissouma,Tottenham,MF,26,28,"2,068",0,0,0,1.4,1.4,43,169,0.00,0.00,0.00,0.06,0.06,0,0,169,43,13
Zeki Amdouni,Burnley,FW,22,34,"1,953",5,1,1,5.8,5.0,63,49,0.23,0.05,0.28,0.27,0.23,1,1,49,63,93
Álex Moreno,Aston Villa,DF,30,21,"1,031",2,0,0,1.1,1.1,32,24,0.17,0.00,0.17,0.10,0.10,0,0,24,32,83
Đorđe Petrović,Chelsea,GK,23,23,"1,987",0,0,0,0.0,0.0,0,1,0.00,0.00,0.00,0.00,0.00,0,0,1,0,0
Łukasz Fabiański,West Ham,GK,38,10,721,0,0,0,0.0,0.0,0,1,0.00,0.00,0.00,0.00,0.00,0,0,1,0,0
